{"cameraMode":{"drawMode":0,"name":"Shaded","section":"Shading Mode"},"sceneLighting":true,"audioPlay":false,"sceneViewState":{"showFog":true,"showMaterialUpdate":true,"showSkybox":true,"showFlares":true,"showImageEffects":true,"showParticleSystems":true},"in2DMode":false,"pivot":{"x":-0.36599409580230715,"y":0.6704864501953125,"z":1.4805066585540772},"rotation":{"x":-0.16796551644802094,"y":0.7717890739440918,"z":-0.22763259708881379,"w":-0.5694883465766907},"size":2.5383048057556154,"orthographic":false}