{"cameraMode":{"drawMode":0,"name":"Shaded","section":"Shading Mode"},"sceneLighting":true,"audioPlay":false,"sceneViewState":{"showFog":true,"showMaterialUpdate":true,"showSkybox":true,"showFlares":true,"showImageEffects":true,"showParticleSystems":true},"in2DMode":false,"pivot":{"x":214.21522521972657,"y":-51.09888458251953,"z":-446.9197692871094},"rotation":{"x":0.009999064728617669,"y":0.9768591523170471,"z":-0.046938322484493259,"w":0.20853291451931},"size":540.9452514648438,"orthographic":false}