{"cameraMode":{"drawMode":0,"name":"Shaded","section":"Shading Mode"},"sceneLighting":true,"audioPlay":false,"sceneViewState":{"showFog":true,"showMaterialUpdate":true,"showSkybox":true,"showFlares":true,"showImageEffects":true,"showParticleSystems":true},"in2DMode":false,"pivot":{"x":-1.0494321584701539,"y":-2.2282981872558595,"z":12.164800643920899},"rotation":{"x":-0.34247085452079775,"y":0.03578076884150505,"z":-0.013053501024842263,"w":-0.9387590289115906},"size":13.526551246643067,"orthographic":false}