{"cameraMode":{"drawMode":0,"name":"Shaded","section":"Shading Mode"},"sceneLighting":true,"audioPlay":false,"sceneViewState":{"showFog":true,"showMaterialUpdate":true,"showSkybox":true,"showFlares":true,"showImageEffects":true,"showParticleSystems":true},"in2DMode":false,"pivot":{"x":-2.854951858520508,"y":-0.5469405055046082,"z":3.323430061340332},"rotation":{"x":-0.33625760674476626,"y":-0.49961739778518679,"z":0.2188190221786499,"w":-0.7677544951438904},"size":12.531473159790039,"orthographic":false}